Workbook

Sheet District_Name_Audit
A1: state code | B1: district code | C1: 17-19 | D1: 19-21 | E1: 21-23 | F1: 23/24 | G1: Name Changed? | H1: Missing Period?
A2: 1 | B2: 1 | C2: kupwara | D2: kupwara | E2: kupwara | F2: kupwara | G2: NO | H2: NO
A3: 1 | B3: 2 | C3: badgam | D3: badgam | E3: badgam | F3: badgam | G3: NO | H3: NO
A4: 1 | B4: 3 | C4: lehladakh | D4: lehladakh | G4: NO | H4: YES
A5: 1 | B5: 4 | C5: kargil | D5: kargil | G5: NO | H5: YES
A6: 1 | B6: 5 | C6: punch | D6: punch | E6: punch | F6: punch | G6: NO | H6: NO
A7: 1 | B7: 6 | C7: rajouri | D7: rajouri | E7: rajouri | F7: rajouri | G7: NO | H7: NO
A8: 1 | B8: 7 | C8: kathua | D8: kathua | E8: kathua | F8: kathua | G8: NO | H8: NO
A9: 1 | B9: 8 | C9: baramula | D9: baramula | E9: baramula | F9: baramula | G9: NO | H9: NO
A10: 1 | B10: 9 | C10: bandipore | D10: bandipore | E10: bandipore | F10: bandipore | G10: NO | H10: NO
A11: 1 | B11: 10 | C11: srinagar | D11: srinagar | E11: srinagar | F11: srinagar | G11: NO | H11: NO
A12: 1 | B12: 11 | C12: ganderbal | D12: ganderbal | E12: ganderbal | F12: ganderbal | G12: NO | H12: NO
A13: 1 | B13: 12 | C13: pulwama | D13: pulwama | E13: pulwama | F13: pulwama | G13: NO | H13: NO
A14: 1 | B14: 13 | C14: shupiyan | D14: shupiyan | E14: shupiyan | F14: shupiyan | G14: NO | H14: NO
A15: 1 | B15: 14 | C15: anantnag | D15: anantnag | E15: anantnag | F15: anantnag | G15: NO | H15: NO
A16: 1 | B16: 15 | C16: kulgam | D16: kulgam | E16: kulgam | F16: kulgam | G16: NO | H16: NO
A17: 1 | B17: 16 | C17: doda | D17: doda | E17: doda | F17: doda | G17: NO | H17: NO
... A295: 16 | B295: 4 | C295: northtripura | D295: northtripura | E295: northtripura | F295: northtripura | G295: NO | H295: NO
A296: 16 | B296: 5 | D296: unakoti | E296: unakoti | F296: unakoti | G296: NO | H296: YES
A297: 16 | B297: 6 | D297: khowai | E297: khowai | F297: khowai | G297: NO | H297: YES
A298: 16 | B298: 7 | D298: sepahijala | E298: sepahijala | F298: sepahijala | G298: NO | H298: YES
A299: 16 | B299: 8 | D299: gomati | E299: gomati | F299: gomati | G299: NO | H299: YES
A300: 17 | B300: 1 | C300: westgarohills | D300: westgarohills | E300: westgarohills | F300: westgarohills | G300: NO | H300: NO
A301: 17 | B301: 2 | C301: eastgarohills | D301: eastgarohills | E301: eastgarohills | F301: eastgarohills | G301: NO | H301: NO
A302: 17 | B302: 3 | C302: southgarohills | D302: southgarohills | E302: southgarohills | F302: southgarohills | G302: NO | H302: NO
A303: 17 | B303: 4 | C303: westkhasihills | D303: westkhasihills | E303: westkhasihills | F303: westkhasihills | G303: NO | H303: NO
A304: 17 | B304: 5 | C304: ribhoi | D304: ribhoi | E304: ribhoi | F304: ribhoi | G304: NO | H304: NO
A305: 17 | B305: 6 | C305: eastkhasihills | D305: eastkhasihills | E305: eastkhasihills | F305: eastkhasihills | G305: NO | H305: NO
A306: 17 | B306: 7 | C306: jaintiahills | D306: jaintiahills | E306: jaintiahills | F306: jaintiahills | G306: NO | H306: NO
A307: 18 | B307: 1 | C307: kokrajhar | D307: kokrajhar | E307: kokrajhar | F307: kokrajhar | G307: NO | H307: NO
A308: 18 | B308: 2 | C308: dhubri | D308: dhubri | E308: dhubri | F308: dhubri | G308: NO | H308: NO
A309: 18 | B309: 3 | C309: goalpara | D309: goalpara | E309: goalpara | F309: goalpara | G309: NO | H309: NO
A310: 18 | B310: 4 | C310: barpeta | D310: barpeta | E310: barpeta | F310: barpeta | G310: NO | H310: NO
A311: 18 | B311: 5 | C311: morigaon | D311: morigaon | E311: morigaon | F311: morigaon | G311: NO | H311: NO
... A333: 18 | B333: 27 | C333: udalguri | D333: udalguri | E333: udalguri | F333: udalguri | G333: NO | H333: NO
A334: 18 | B334: 28 | D334: hojai | E334: hojai | F334: hojai | G334: NO | H334: YES
A335: 18 | B335: 29 | D335: westkarbianglong | E335: westkarbianglong | F335: westkarbianglong | G335: NO | H335: YES
A336: 18 | B336: 30 | D336: charaideo | E336: charaideo | F336: charaideo | G336: NO | H336: YES
A337: 18 | B337: 31 | D337: southsalmaramankachar | E337: southsalmaramankachar | F337: southsalmaramankachar | G337: NO | H337: YES
A338: 18 | B338: 32 | D338: biswanath | E338: biswanath | F338: biswanath | G338: NO | H338: YES
A339: 18 | B339: 33 | D339: majuli | E339: majuli | F339: majuli | G339: NO | H339: YES
A340: 19 | B340: 1 | C340: darjiling | D340: darjiling | E340: darjiling | F340: darjiling | G340: NO | H340: NO
A341: 19 | B341: 2 | C341: jalpaiguri | D341: jalpaiguri | E341: jalpaiguri | F341: jalpaiguri | G341: NO | H341: NO
A342: 19 | B342: 3 | C342: kochbihar | D342: kochbihar | E342: kochbihar | F342: kochbihar | G342: NO | H342: NO
A343: 19 | B343: 4 | C343: uttardinajpur | D343: uttardinajpur | E343: uttardinajpur | F343: uttardinajpur | G343: NO | H343: NO
A344: 19 | B344: 5 | C344: dakshindinajpur | D344: dakshindinajpur | E344: dakshindinajpur | F344: dakshindinajpur | G344: NO | H344: NO
A345: 19 | B345: 6 | C345: maldah | D345: maldah | E345: maldah | F345: maldah | G345: NO | H345: NO
A346: 19 | B346: 7 | C346: murshidabad | D346: murshidabad | E346: murshidabad | F346: murshidabad | G346: NO | H346: NO
A347: 19 | B347: 8 | C347: birbhum | D347: birbhum | E347: birbhum | F347: birbhum | G347: NO | H347: NO
A348: 19 | B348: 9 | C348: barddhaman | D348: purbabarddhaman | E348: purbabarddhaman | F348: purbabarddhaman | G348: YES | H348: NO
A349: 19 | B349: 10 | C349: nadia | D349: nadia | E349: nadia | F349: nadia | G349: NO | H349: NO
A350: 19 | B350: 11 | C350: northtwentyfourparganas | D350: northtwentyfourparganas | E350: northtwentyfourparganas | F350: northtwentyfourparganas | G350: NO | H350: NO
A351: 19 | B351: 12 | C351: hugli | D351: hugli | E351: hugli | F351: hugli | G351: NO | H351: NO
... A358: 19 | B358: 19 | C358: purbamedinipur | D358: purbamedinipur | E358: purbamedinipur | F358: purbamedinipur | G358: NO | H358: NO
A359: 19 | B359: 20 | D359: alipurduar | E359: alipurduar | F359: alipurduar | G359: NO | H359: YES
A360: 19 | B360: 21 | D360: kalimpong | E360: kalimpong | F360: kalimpong | G360: NO | H360: YES
A361: 19 | B361: 22 | D361: jhargram | E361: jhargram | F361: jhargram | G361: NO | H361: YES
A362: 19 | B362: 23 | D362: paschimbarddhaman | E362: paschimbarddhaman | F362: paschimbarddhaman | G362: NO | H362: YES
A363: 20 | B363: 1 | C363: garhwa | D363: garhwa | E363: garhwa | F363: garhwa | G363: NO | H363: NO
A364: 20 | B364: 2 | C364: chatra | D364: chatra | E364: chatra | F364: chatra | G364: NO | H364: NO
A365: 20 | B365: 3 | C365: kodarma | D365: kodarma | E365: kodarma | F365: kodarma | G365: NO | H365: NO
A366: 20 | B366: 4 | C366: giridih | D366: giridih | E366: giridih | F366: giridih | G366: NO | H366: NO
A367: 20 | B367: 5 | C367: deoghar | D367: deoghar | E367: deoghar | F367: deoghar | G367: NO | H367: NO
A368: 20 | B368: 6 | C368: godda | D368: godda | E368: godda | F368: godda | G368: NO | H368: NO
A369: 20 | B369: 7 | C369: sahibganj | D369: sahibganj | E369: sahibganj | F369: sahibganj | G369: NO | H369: NO
A370: 20 | B370: 8 | C370: pakur | D370: pakur | E370: pakur | F370: pakur | G370: NO | H370: NO
A371: 20 | B371: 9 | C371: dhanbad | D371: dhanbad | E371: dhanbad | F371: dhanbad | G371: NO | H371: NO
A372: 20 | B372: 10 | C372: bokaro | D372: bokaro | E372: bokaro | F372: bokaro | G372: NO | H372: NO
A373: 20 | B373: 11 | C373: lohardaga | D373: lohardaga | E373: lohardaga | F373: lohardaga | G373: NO | H373: NO
A374: 20 | B374: 12 | C374: purbisinghbhum | D374: purbisinghbhum | E374: purbisinghbhum | F374: purbisinghbhum | G374: NO | H374: NO
... A519: 24 | B519: 26 | C519: tapi | D519: tapi | E519: tapi | F519: tapi | G519: NO | H519: NO
A520: 24 | B520: 27 | D520: arvalli | E520: arvalli | F520: arvalli | G520: NO | H520: YES
A521: 24 | B521: 28 | D521: botad | E521: botad | F521: botad | G521: NO | H521: YES
A522: 24 | B522: 29 | D522: chhotaudepur | E522: chhotaudepur | F522: chhotaudepur | G522: NO | H522: YES
A523: 24 | B523: 30 | D523: devbhumidwarka | E523: devbhumidwarka | F523: devbhumidwarka | G523: NO | H523: YES
A524: 24 | B524: 31 | D524: girsomnath | E524: girsomnath | F524: girsomnath | G524: NO | H524: YES
A525: 24 | B525: 32 | D525: mahisagar | E525: mahisagar | F525: mahisagar | G525: NO | H525: YES
A526: 24 | B526: 33 | D526: morbi | E526: morbi | F526: morbi | G526: NO | H526: YES
A527: 25 | B527: 1 | C527: diu | D527: diu | E527: diu | F527: diu | G527: NO | H527: NO
A528: 25 | B528: 2 | C528: daman | D528: daman | E528: daman | F528: daman | G528: NO | H528: NO
A529: 25 | B529: 3 | E529: dadra&nagarhaveli | F529: dadra&nagarhaveli | G529: NO | H529: YES
A530: 26 | B530: 1 | C530: dadra&nagarhaveli | D530: dadra&nagarhaveli | G530: NO | H530: YES
A531: 27 | B531: 1 | C531: nandurbar | D531: nandurbar | E531: nandurbar | F531: nandurbar | G531: NO | H531: NO
A532: 27 | B532: 2 | C532: dhule | D532: dhule | E532: dhule | F532: dhule | G532: NO | H532: NO
A533: 27 | B533: 3 | C533: jalgaon | D533: jalgaon | E533: jalgaon | F533: jalgaon | G533: NO | H533: NO
A534: 27 | B534: 4 | C534: buldana | D534: buldana | E534: buldana | F534: buldana | G534: NO | H534: NO
A535: 27 | B535: 5 | C535: akola | D535: akola | E535: akola | F535: akola | G535: NO | H535: NO
A536: 27 | B536: 6 | C536: washim | D536: washim | E536: washim | F536: washim | G536: NO | H536: NO
A537: 27 | B537: 7 | C537: amravati | D537: amravati | E537: amravati | F537: amravati | G537: NO | H537: NO
A538: 27 | B538: 8 | C538: wardha | D538: wardha | E538: wardha | F538: wardha | G538: NO | H538: NO
A539: 27 | B539: 9 | C539: nagpur | D539: nagpur | E539: nagpur | F539: nagpur | G539: NO | H539: NO
A540: 27 | B540: 10 | C540: bhandara | D540: bhandara | E540: bhandara | F540: bhandara | G540: NO | H540: NO
A541: 27 | B541: 11 | C541: gondiya | D541: gondiya | E541: gondiya | F541: gondiya | G541: NO | H541: NO
A542: 27 | B542: 12 | C542: gadchiroli | D542: gadchiroli | E542: gadchiroli | F542: gadchiroli | G542: NO | H542: NO
... A552: 27 | B552: 22 | C552: mumbaisuburban | D552: mumbaisuburban | E552: mumbaisuburban | F552: mumbaisuburban | G552: NO | H552: NO
A553: 27 | B553: 23 | C553: mumbai | G553: NO | H553: YES
A554: 27 | B554: 24 | C554: raigarh | D554: raigarh | E554: raigarh | F554: raigarh | G554: NO | H554: NO
A555: 27 | B555: 25 | C555: pune | D555: pune | E555: pune | F555: pune | G555: NO | H555: NO
A556: 27 | B556: 26 | C556: ahmadnagar | D556: ahmadnagar | E556: ahmadnagar | F556: ahmadnagar | G556: NO | H556: NO
A557: 27 | B557: 27 | C557: bid | D557: bid | E557: bid | F557: bid | G557: NO | H557: NO
...

Sheet District_Code_Audit (2)
A1: state code | B1: district name key | C1: 17-19 | D1: 19-21 | E1: 21-23 | F1: 23/24 | G1: Code Changed? | H1: Missing Period?
A2: 1 | B2: anantnag | C2: 14 | D2: 14 | E2: 14 | F2: 14 | G2: NO | H2: NO
A3: 1 | B3: badgam | C3: 2 | D3: 2 | E3: 2 | F3: 2 | G3: NO | H3: NO
A4: 1 | B4: bandipore | C4: 9 | D4: 9 | E4: 9 | F4: 9 | G4: NO | H4: NO
A5: 1 | B5: baramula | C5: 8 | D5: 8 | E5: 8 | F5: 8 | G5: NO | H5: NO
A6: 1 | B6: doda | C6: 16 | D6: 16 | E6: 16 | F6: 16 | G6: NO | H6: NO
A7: 1 | B7: ganderbal | C7: 11 | D7: 11 | E7: 11 | F7: 11 | G7: NO | H7: NO
A8: 1 | B8: jammu | C8: 21 | D8: 21 | E8: 21 | F8: 21 | G8: NO | H8: NO
A9: 1 | B9: kargil | C9: 4 | D9: 4 | G9: NO | H9: YES
A10: 1 | B10: kathua | C10: 7 | D10: 7 | E10: 7 | F10: 7 | G10: NO | H10: NO
A11: 1 | B11: kishtwar | C11: 18 | D11: 18 | E11: 18 | F11: 18 | G11: NO | H11: NO
A12: 1 | B12: kulgam | C12: 15 | D12: 15 | E12: 15 | F12: 15 | G12: NO | H12: NO
A13: 1 | B13: kupwara | C13: 1 | D13: 1 | E13: 1 | F13: 1 | G13: NO | H13: NO
A14: 1 | B14: lehladakh | C14: 3 | D14: 3 | G14: NO | H14: YES
A15: 1 | B15: pulwama | C15: 12 | D15: 12 | E15: 12 | F15: 12 | G15: NO | H15: NO
A16: 1 | B16: punch | C16: 5 | D16: 5 | E16: 5 | F16: 5 | G16: NO | H16: NO
A17: 1 | B17: rajouri | C17: 6 | D17: 6 | E17: 6 | F17: 6 | G17: NO | H17: NO
A18: 1 | B18: ramban | C18: 17 | D18: 17 | E18: 17 | F18: 17 | G18: NO | H18: NO
A19: 1 | B19: reasi | C19: 20 | D19: 20 | E19: 20 | F19: 20 | G19: NO | H19: NO
A20: 1 | B20: samba | C20: 22 | D20: 22 | E20: 22 | F20: 22 | G20: NO | H20: NO
A21: 1 | B21: shupiyan | C21: 13 | D21: 13 | E21: 13 | F21: 13 | G21: NO | H21: NO
A22: 1 | B22: srinagar | C22: 10 | D22: 10 | E22: 10 | F22: 10 | G22: NO | H22: NO
A23: 1 | B23: udhampur | C23: 19 | D23: 19 | E23: 19 | F23: 19 | G23: NO | H23: NO
A24: 2 | B24: bilaspur | C24: 8 | D24: 8 | E24: 8 | F24: 8 | G24: NO | H24: NO
A25: 2 | B25: chamba | C25: 1 | D25: 1 | E25: 1 | F25: 1 | G25: NO | H25: NO
A26: 2 | B26: hamirpur | C26: 6 | D26: 6 | E26: 6 | F26: 6 | G26: NO | H26: NO
... A92: 6 | B92: yamunanagar | C92: 3 | D92: 3 | E92: 3 | F92: 3 | G92: NO | H92: NO
A93: 7 | B93: central | D93: 6 | E93: 6 | F93: 6 | G93: NO | H93: YES
A94: 7 | B94: centraldelhi | C94: 6 | G94: NO | H94: YES
A95: 7 | B95: east | D95: 4 | E95: 4 | F95: 4 | G95: NO | H95: YES
A96: 7 | B96: eastdelhi | C96: 4 | G96: NO | H96: YES
A97: 7 | B97: newdelhi | C97: 5 | D97: 5 | E97: 5 | F97: 5 | G97: NO | H97: NO
A98: 7 | B98: north | D98: 2 | E98: 2 | F98: 2 | G98: NO | H98: YES
A99: 7 | B99: northdelhi | C99: 2 | G99: NO | H99: YES
A100: 7 | B100: northeast | D100: 3 | E100: 3 | F100: 3 | G100: NO | H100: YES
A101: 7 | B101: northeastdelhi | C101: 3 | G101: NO | H101: YES
A102: 7 | B102: northwest | D102: 1 | E102: 1 | F102: 1 | G102: NO | H102: YES
A103: 7 | B103: northwestdelhi | C103: 1 | G103: NO | H103: YES
A104: 7 | B104: south | D104: 9 | E104: 9 | F104: 9 | G104: NO | H104: YES
A105: 7 | B105: southdelhi | C105: 9 | G105: NO | H105: YES
A106: 7 | B106: southwest | D106: 8 | E106: 8 | F106: 8 | G106: NO | H106: YES
A107: 7 | B107: southwestdelhi | C107: 8 | G107: NO | H107: YES
A108: 7 | B108: west | D108: 7 | E108: 7 | F108: 7 | G108: NO | H108: YES
A109: 7 | B109: westdelhi | C109: 7 | G109: NO | H109: YES
A110: 8 | B110: ajmer | C110: 21 | D110: 21 | E110: 21 | F110: 21 | G110: NO | H110: NO
A111: 8 | B111: alwar | C111: 6 | D111: 6 | E111: 6 | F111: 6 | G111: NO | H111: NO
A112: 8 | B112: banswara | C112: 27 | D112: 27 | E112: 27 | F112: 27 | G112: NO | H112: NO
A113: 8 | B113: baran | C113: 30 | D113: 30 | E113: 30 | F113: 30 | G113: NO | H113: NO
A114: 8 | B114: barmer | C114: 17 | D114: 17 | E114: 17 | F114: 17 | G114: NO | H114: NO
A115: 8 | B115: bharatpur | C115: 7 | D115: 7 | E115: 7 | F115: 7 | G115: NO | H115: NO
A116: 8 | B116: bhilwara | C116: 24 | D116: 24 | E116: 24 | F116: 24 | G116: NO | H116: NO
A117: 8 | B117: bikaner | C117: 3 | D117: 3 | E117: 3 | F117: 3 | G117: NO | H117: NO
A118: 8 | B118: bundi | C118: 23 | D118: 23 | E118: 23 | F118: 23 | G118: NO | H118: NO
A119: 8 | B119: chittaurgarh | C119: 28 | D119: 28 | E119: 28 | F119: 28 | G119: NO | H119: NO
A120: 8 | B120: churu | C120: 4 | D120: 4 | E120: 4 | F120: 4 | G120: NO | H120: NO
A121: 8 | B121: dausa | C121: 11 | D121: 11 | E121: 11 | F121: 11 | G121: NO | H121: NO
... A300: 16 | B300: dhalai | C300: 3 | D300: 3 | E300: 3 | F300: 3 | G300: NO | H300: NO
A301: 16 | B301: gomati | D301: 8 | E301: 8 | F301: 8 | G301: NO | H301: YES
A302: 16 | B302: khowai | D302: 6 | E302: 6 | F302: 6 | G302: NO | H302: YES
A303: 16 | B303: northtripura | C303: 4 | D303: 4 | E303: 4 | F303: 4 | G303: NO | H303: NO
A304: 16 | B304: sepahijala | D304: 7 | E304: 7 | F304: 7 | G304: NO | H304: YES
A305: 16 | B305: southtripura | C305: 2 | D305: 2 | E305: 2 | F305: 2 | G305: NO | H305: NO
A306: 16 | B306: unakoti | D306: 5 | E306: 5 | F306: 5 | G306: NO | H306: YES
A307: 16 | B307: westtripura | C307: 1 | D307: 1 | E307: 1 | F307: 1 | G307: NO | H307: NO
A308: 17 | B308: eastgarohills | C308: 2 | D308: 2 | E308: 2 | F308: 2 | G308: NO | H308: NO
A309: 17 | B309: eastkhasihills | C309: 6 | D309: 6 | E309: 6 | F309: 6 | G309: NO | H309: NO
A310: 17 | B310: jaintiahills | C310: 7 | D310: 7 | E310: 7 | F310: 7 | G310: NO | H310: NO
A311: 17 | B311: ribhoi | C311: 5 | D311: 5 | E311: 5 | F311: 5 | G311: NO | H311: NO
A312: 17 | B312: southgarohills | C312: 3 | D312: 3 | E312: 3 | F312: 3 | G312: NO | H312: NO
A313: 17 | B313: westgarohills | C313: 1 | D313: 1 | E313: 1 | F313: 1 | G313: NO | H313: NO
A314: 17 | B314: westkhasihills | C314: 4 | D314: 4 | E314: 4 | F314: 4 | G314: NO | H314: NO
A315: 18 | B315: baksa | C315: 25 | D315: 25 | E315: 25 | F315: 25 | G315: NO | H315: NO
A316: 18 | B316: barpeta | C316: 4 | D316: 4 | E316: 4 | F316: 4 | G316: NO | H316: NO
A317: 18 | B317: biswanath | D317: 32 | E317: 32 | F317: 32 | G317: NO | H317: YES
A318: 18 | B318: bongaigaon | C318: 20 | D318: 20 | E318: 20 | F318: 20 | G318: NO | H318: NO
A319: 18 | B319: cachar | C319: 17 | D319: 17 | E319: 17 | F319: 17 | G319: NO | H319: NO
A320: 18 | B320: charaideo | D320: 30 | E320: 30 | F320: 30 | G320: NO | H320: YES
A321: 18 | B321: chirang | C321: 21 | D321: 21 | E321: 21 | F321: 21 | G321: NO | H321: NO
A322: 18 | B322: darrang | C322: 26 | D322: 26 | E322: 26 | F322: 26 | G322: NO | H322: NO
A323: 18 | B323: dhemaji | C323: 9 | D323: 9 | E323: 9 | F323: 9 | G323: NO | H323: NO
A324: 18 | B324: dhubri | C324: 2 | D324: 2 | E324: 2 | F324: 2 | G324: NO | H324: NO
A325: 18 | B325: dibrugarh | C325: 11 | D325: 11 | E325: 11 | F325: 11 | G325: NO | H325: NO
A326: 18 | B326: dimahasao | C326: 16 | D326: 16 | E326: 16 | F326: 16 | G326: NO | H326: NO
A327: 18 | B327: goalpara | C327: 3 | D327: 3 | E327: 3 | F327: 3 | G327: NO | H327: NO
A328: 18 | B328: golaghat | C328: 14 | D328: 14 | E328: 14 | F328: 14 | G328: NO | H328: NO
A329: 18 | B329: hailakandi | C329: 19 | D329: 19 | E329: 19 | F329: 19 | G329: NO | H329: NO
A330: 18 | B330: hojai | D330: 28 | E330: 28 | F330: 28 | G330: NO | H330: YES
A331: 18 | B331: jorhat | C331: 13 | D331: 13 | E331: 13 | F331: 13 | G331: NO | H331: NO
A332: 18 | B332: kamrup | C332: 22 | D332: 22 | E332: 22 | F332: 22 | G332: NO | H332: NO
A333: 18 | B333: kamrupmetropolitan | C333: 23 | D333: 23 | E333: 23 | F333: 23 | G333: NO | H333: NO
A334: 18 | B334: karbianglong | C334: 15 | D334: 15 | E334: 15 | F334: 15 | G334: NO | H334: NO
A335: 18 | B335: karimganj | C335: 18 | D335: 18 | E335: 18 | F335: 18 | G335: NO | H335: NO
A336: 18 | B336: kokrajhar | C336: 1 | D336: 1 | E336: 1 | F336: 1 | G336: NO | H336: NO
A337: 18 | B337: lakhimpur | C337: 8 | D337: 8 | E337: 8 | F337: 8 | G337: NO | H337: NO
A338: 18 | B338: majuli | D338: 33 | E338: 33 | F338: 33 | G338: NO | H338: YES
A339: 18 | B339: morigaon | C339: 5 | D339: 5 | E339: 5 | F339: 5 | G339: NO | H339: NO
A340: 18 | B340: nagaon | C340: 6 | D340: 6 | E340: 6 | F340: 6 | G340: NO | H340: NO
A341: 18 | B341: nalbari | C341: 24 | D341: 24 | E341: 24 | F341: 24 | G341: NO | H341: NO
A342: 18 | B342: sivasagar | C342: 12 | D342: 12 | E342: 12 | F342: 12 | G342: NO | H342: NO
A343: 18 | B343: sonitpur | C343: 7 | D343: 7 | E343: 7 | F343: 7 | G343: NO | H343: NO
...

Sheet State Audit
A1: State Code | B1: 16 | C1: District name → Code audit | M1: {=_xlfn._xlws.SORT(_xlfn.UNIQUE(tblDistrictCodeAuditFinal[state code]))} -> 1
M2: 2 | O2: state code | P2: district code | Q2: 17-19 | R2: 19-21 | S2: 21-23 | T2: 23/24 | U2: Name Changed? | V2: Missing Period? | Y2: state code | Z2: district name key | AA2: 17-19 | AB2: 19-21 | AC2: 21-23 | AD2: 23/24 | AE2: Code Changed? | AF2: Missing Period?
A3: state code | B3: district name key | C3: 17-19 | D3: 19-21 | E3: 21-23 | F3: 23/24 | G3: Code Changed? | H3: Missing Period? | M3: 3 | O3: {=_xlfn.LET( _xlpm.x,_xlfn._xlws.FILTER( tblDistrictCodeAuditFinal[], (tblDistrictCodeAuditFinal[Code Changed?]="YES")+ (tblDistrictCodeAuditFinal[Missing Period?]="YES"), "No issues found" ), IF(_xlpm.x="","",_xlpm.x) )} -> 1 | P3: kargil | Q3: 4 | R3: 4 | U3: NO | V3: YES | Y3: {=_xlfn.LET( _xlpm.x,_xlfn._xlws.FILTER( tblDistrictNameAuditFinal[], (INDEX(tblDistrictNameAuditFinal[],0,COLUMNS(tblDistrictNameAuditFinal[])-1)="YES")+ (INDEX(tblDistrictNameAuditFinal[],0,COLUMNS(tblDistrictNameAuditFinal[]))="YES"), "No issues found" ), IF(_xlpm.x="","",_xlpm.x) )} -> 1 | Z3: 3 | AA3: lehladakh | AB3: lehladakh | AE3: NO | AF3: YES
A4: {=_xlfn.LET( _xlpm.x,_xlfn._xlws.FILTER(tblDistrictCodeAuditFinal[],tblDistrictCodeAuditFinal[state code]=$B$1,"No districts found"), IF(_xlpm.x="","",_xlpm.x) )} -> 16 | B4: dhalai | C4: 3 | D4: 3 | E4: 3 | F4: 3 | G4: NO | H4: NO | M4: 4 | O4: 1 | P4: lehladakh | Q4: 3 | R4: 3 | U4: NO | V4: YES | Y4: 1 | Z4: 4 | AA4: kargil | AB4: kargil | AE4: NO | AF4: YES
A5: 16 | B5: gomati | D5: 8 | E5: 8 | F5: 8 | G5: NO | H5: YES | M5: 5 | O5: 7 | P5: central | R5: 6 | S5: 6 | T5: 6 | U5: NO | V5: YES | Y5: 7 | Z5: 1 | AA5: northwestdelhi | AB5: northwest | AC5: northwest | AD5: northwest | AE5: YES | AF5: NO
A6: 16 | B6: khowai | D6: 6 | E6: 6 | F6: 6 | G6: NO | H6: YES | M6: 6 | O6: 7 | P6: centraldelhi | Q6: 6 | U6: NO | V6: YES | Y6: 7 | Z6: 2 | AA6: northdelhi | AB6: north | AC6: north | AD6: north | AE6: YES | AF6: NO
A7: 16 | B7: northtripura | C7: 4 | D7: 4 | E7: 4 | F7: 4 | G7: NO | H7: NO | M7: 7 | O7: 7 | P7: east | R7: 4 | S7: 4 | T7: 4 | U7: NO | V7: YES | Y7: 7 | Z7: 3 | AA7: northeastdelhi | AB7: northeast | AC7: northeast | AD7: northeast | AE7: YES | AF7: NO
A8: 16 | B8: sepahijala | D8: 7 | E8: 7 | F8: 7 | G8: NO | H8: YES | M8: 8 | O8: 7 | P8: eastdelhi | Q8: 4 | U8: NO | V8: YES | Y8: 7 | Z8: 4 | AA8: eastdelhi | AB8: east | AC8: east | AD8: east | AE8: YES | AF8: NO
A9: 16 | B9: southtripura | C9: 2 | D9: 2 | E9: 2 | F9: 2 | G9: NO | H9: NO | M9: 9 | O9: 7 | P9: north | R9: 2 | S9: 2 | T9: 2 | U9: NO | V9: YES | Y9: 7 | Z9: 6 | AA9: centraldelhi | AB9: central | AC9: central | AD9: central | AE9: YES | AF9: NO
A10: 16 | B10: unakoti | D10: 5 | E10: 5 | F10: 5 | G10: NO | H10: YES | M10: 10 | O10: 7 | P10: northdelhi | Q10: 2 | U10: NO | V10: YES | Y10: 7 | Z10: 7 | AA10: westdelhi | AB10: west | AC10: west | AD10: west | AE10: YES | AF10: NO
A11: 16 | B11: westtripura | C11: 1 | D11: 1 | E11: 1 | F11: 1 | G11: NO | H11: NO | M11: 11 | O11: 7 | P11: northeast | R11: 3 | S11: 3 | T11: 3 | U11: NO | V11: YES | Y11: 7 | Z11: 8 | AA11: southwestdelhi | AB11: southwest | AC11: southwest | AD11: southwest | AE11: YES | AF11: NO
M12: 12 | O12: 7 | P12: northeastdelhi | Q12: 3 | U12: NO | V12: YES | Y12: 7 | Z12: 9 | AA12: southdelhi | AB12: south | AC12: south | AD12: south | AE12: YES | AF12: NO
M13: 13 | O13: 7 | P13: northwest | R13: 1 | S13: 1 | T13: 1 | U13: NO | V13: YES | Y13: 16 | Z13: 5 | AB13: unakoti | AC13: unakoti | AD13: unakoti | AE13: NO | AF13: YES
M14: 14 | O14: 7 | P14: northwestdelhi | Q14: 1 | U14: NO | V14: YES | Y14: 16 | Z14: 6 | AB14: khowai | AC14: khowai | AD14: khowai | AE14: NO | AF14: YES
M15: 15 | O15: 7 | P15: south | R15: 9 | S15: 9 | T15: 9 | U15: NO | V15: YES | Y15: 16 | Z15: 7 | AB15: sepahijala | AC15: sepahijala | AD15: sepahijala | AE15: NO | AF15: YES
M16: 16 | O16: 7 | P16: southdelhi | Q16: 9 | U16: NO | V16: YES | Y16: 16 | Z16: 8 | AB16: gomati | AC16: gomati | AD16: gomati | AE16: NO | AF16: YES
M17: 17 | O17: 7 | P17: southwest | R17: 8 | S17: 8 | T17: 8 | U17: NO | V17: YES | Y17: 18 | Z17: 28 | AB17: hojai | AC17: hojai | AD17: hojai | AE17: NO | AF17: YES
M18: 18 | O18: 7 | P18: southwestdelhi | Q18: 8 | U18: NO | V18: YES | Y18: 18 | Z18: 29 | AB18: westkarbianglong | AC18: westkarbianglong | AD18: westkarbianglong | AE18: NO | AF18: YES
M19: 19 | O19: 7 | P19: west | R19: 7 | S19: 7 | T19: 7 | U19: NO | V19: YES | Y19: 18 | Z19: 30 | AB19: charaideo | AC19: charaideo | AD19: charaideo | AE19: NO | AF19: YES
M20: 20 | O20: 7 | P20: westdelhi | Q20: 7 | U20: NO | V20: YES | Y20: 18 | Z20: 31 | AB20: southsalmaramankachar | AC20: southsalmaramankachar | AD20: southsalmaramankachar | AE20: NO | AF20: YES
M21: 21 | O21: 16 | P21: gomati | R21: 8 | S21: 8 | T21: 8 | U21: NO | V21: YES | Y21: 18 | Z21: 32 | AB21: biswanath | AC21: biswanath | AD21: biswanath | AE21: NO | AF21: YES
M22: 22 | O22: 16 | P22: khowai | R22: 6 | S22: 6 | T22: 6 | U22: NO | V22: YES | Y22: 18 | Z22: 33 | AB22: majuli | AC22: majuli | AD22: majuli | AE22: NO | AF22: YES
M23: 23 | O23: 16 | P23: sepahijala | R23: 7 | S23: 7 | T23: 7 | U23: NO | V23: YES | Y23: 19 | Z23: 9 | AA23: barddhaman | AB23: purbabarddhaman | AC23: purbabarddhaman | AD23: purbabarddhaman | AE23: YES | AF23: NO
M24: 24 | O24: 16 | P24: unakoti | R24: 5 | S24: 5 | T24: 5 | U24: NO | V24: YES | Y24: 19 | Z24: 20 | AB24: alipurduar | AC24: alipurduar | AD24: alipurduar | AE24: NO | AF24: YES
M25: 25 | O25: 18 | P25: biswanath | R25: 32 | S25: 32 | T25: 32 | U25: NO | V25: YES | Y25: 19 | Z25: 21 | AB25: kalimpong | AC25: kalimpong | AD25: kalimpong | AE25: NO | AF25: YES
M26: 26 | O26: 18 | P26: charaideo | R26: 30 | S26: 30 | T26: 30 | U26: NO | V26: YES | Y26: 19 | Z26: 22 | AB26: jhargram | AC26: jhargram | AD26: jhargram | AE26: NO | AF26: YES
M27: 27 | O27: 18 | P27: hojai | R27: 28 | S27: 28 | T27: 28 | U27: NO | V27: YES | Y27: 19 | Z27: 23 | AB27: paschimbarddhaman | AC27: paschimbarddhaman | AD27: paschimbarddhaman | AE27: NO | AF27: YES
M28: 28 | O28: 18 | P28: majuli | R28: 33 | S28: 33 | T28: 33 | U28: NO | V28: YES | Y28: 24 | Z28: 7 | AA28: ahmedabad | AB28: ahmadabad | AC28: ahmadabad | AD28: ahmadabad | AE28: YES | AF28: NO
M29: 29 | O29: 18 | P29: southsalmaramankachar | R29: 31 | S29: 31 | T29: 31 | U29: NO | V29: YES | Y29: 24 | Z29: 27 | AB29: arvalli | AC29: arvalli | AD29: arvalli | AE29: NO | AF29: YES
M30: 30 | O30: 18 | P30: westkarbianglong | R30: 29 | S30: 29 | T30: 29 | U30: NO | V30: YES | Y30: 24 | Z30: 28 | AB30: botad | AC30: botad | AD30: botad | AE30: NO | AF30: YES
M31: 31 | O31: 19 | P31: alipurduar | R31: 20 | S31: 20 | T31: 20 | U31: NO | V31: YES | Y31: 24 | Z31: 29 | AB31: chhotaudepur | AC31: chhotaudepur | AD31: chhotaudepur | AE31: NO | AF31: YES
M32: 32 | O32: 19 | P32: barddhaman | Q32: 9 | U32: NO | V32: YES | Y32: 24 | Z32: 30 | AB32: devbhumidwarka | AC32: devbhumidwarka | AD32: devbhumidwarka | AE32: NO | AF32: YES
M33: 33 | O33: 19 | P33: jhargram | R33: 22 | S33: 22 | T33: 22 | U33: NO | V33: YES | Y33: 24 | Z33: 31 | AB33: girsomnath | AC33: girsomnath | AD33: girsomnath | AE33: NO | AF33: YES
M34: 34 | O34: 19 | P34: kalimpong | R34: 21 | S34: 21 | T34: 21 | U34: NO | V34: YES | Y34: 24 | Z34: 32 | AB34: mahisagar | AC34: mahisagar | AD34: mahisagar | AE34: NO | AF34: YES
M35: 35 | O35: 19 | P35: paschimbarddhaman | R35: 23 | S35: 23 | T35: 23 | U35: NO | V35: YES | Y35: 24 | Z35: 33 | AB35: morbi | AC35: morbi | AD35: morbi | AE35: NO | AF35: YES
M36: 36 | O36: 19 | P36: purbabarddhaman | R36: 9 | S36: 9 | T36: 9 | U36: NO | V36: YES | Y36: 25 | Z36: 3 | AC36: dadra&nagarhaveli | AD36: dadra&nagarhaveli | AE36: NO | AF36: YES
M37: 37 | O37: 24 | P37: ahmadabad | R37: 7 | S37: 7 | T37: 7 | U37: NO | V37: YES | Y37: 26 | Z37: 1 | AA37: dadra&nagarhaveli | AB37: dadra&nagarhaveli | AE37: NO | AF37: YES
O38: 24 | P38: ahmedabad | Q38: 7 | U38: NO | V38: YES | Y38: 27 | Z38: 23 | AA38: mumbai | AE38: NO | AF38: YES
A39: state code | B39: district code | C39: 17-19 | D39: 19-21 | E39: 21-23 | F39: 23/24 | G39: Name Changed? | H39: Missing Period? | O39: 24 | P39: arvalli | R39: 27 | S39: 27 | T39: 27 | U39: NO | V39: YES | Y39: 32 | Z39: 1 | AA39: kasaragod | AB39: kasaragode | AC39: kasaragode | AD39: kasaragode | AE39: YES | AF39: NO
A40: District code → name audit | O40: 24 | P40: botad | R40: 28 | S40: 28 | T40: 28 | U40: NO | V40: YES | Y40: 36 | Z40: 2 | AA40: nizamabad | AB40: komarambheem | AC40: komarambheem | AD40: komarambheem | AE40: YES | AF40: NO
A41: {=_xlfn.LET( _xlpm.x,_xlfn._xlws.FILTER(tblDistrictNameAuditFinal[],tblDistrictNameAuditFinal[state code]=$B$1,"No districts found"), IF(_xlpm.x="","",_xlpm.x) )} -> 16 | B41: 1 | C41: westtripura | D41: westtripura | E41: westtripura | F41: westtripura | G41: NO | H41: NO | O41: 24 | P41: chhotaudepur | R41: 29 | S41: 29 | T41: 29 | U41: NO | V41: YES | Y41: 36 | Z41: 3 | AA41: karimnagar | AB41: mancherial | AC41: mancherial | AD41: mancherial | AE41: YES | AF41: NO
A42: 16 | B42: 2 | C42: southtripura | D42: southtripura | E42: southtripura | F42: southtripura | G42: NO | H42: NO | O42: 24 | P42: devbhumidwarka | R42: 30 | S42: 30 | T42: 30 | U42: NO | V42: YES | Y42: 36 | Z42: 4 | AA42: medak | AB42: nirmal | AC42: nirmal | AD42: nirmal | AE42: YES | AF42: NO
A43: 16 | B43: 3 | C43: dhalai | D43: dhalai | E43: dhalai | F43: dhalai | G43: NO | H43: NO | O43: 24 | P43: girsomnath | R43: 31 | S43: 31 | T43: 31 | U43: NO | V43: YES | Y43: 36 | Z43: 5 | AA43: hyderabad | AB43: nizamabad | AC43: nizamabad | AD43: nizamabad | AE43: YES | AF43: NO
A44: 16 | B44: 4 | C44: northtripura | D44: northtripura | E44: northtripura | F44: northtripura | G44: NO | H44: NO | O44: 24 | P44: mahisagar | R44: 32 | S44: 32 | T44: 32 | U44: NO | V44: YES | Y44: 36 | Z44: 6 | AA44: rangareddy | AB44: jagtial | AC44: jagtial | AD44: jagtial | AE44: YES | AF44: NO
A45: 16 | B45: 5 | D45: unakoti | E45: unakoti | F45: unakoti | G45: NO | H45: YES | O45: 24 | P45: morbi | R45: 33 | S45: 33 | T45: 33 | U45: NO | V45: YES | Y45: 36 | Z45: 7 | AA45: mahbubnagar | AB45: peddapalli | AC45: peddapalli | AD45: peddapalli | AE45: YES | AF45: NO
A46: 16 | B46: 6 | D46: khowai | E46: khowai | F46: khowai | G46: NO | H46: YES | O46: 25 | P46: dadra&nagarhaveli | S46: 3 | T46: 3 | U46: NO | V46: YES | Y46: 36 | Z46: 8 | AA46: nalgonda | AB46: jayashankar | AC46: jayashankar | AD46: jayashankar | AE46: YES | AF46: NO
A47: 16 | B47: 7 | D47: sepahijala | E47: sepahijala | F47: sepahijala | G47: NO | H47: YES | O47: 26 | P47: dadra&nagarhaveli | Q47: 1 | R47: 1 | U47: NO | V47: YES | Y47: 36 | Z47: 9 | AA47: warangal | AB47: bhadradrikothagudem | AC47: bhadradrikothagudem | AD47: bhadradrikothagudem | AE47: YES | AF47: NO
A48: 16 | B48: 8 | D48: gomati | E48: gomati | F48: gomati | G48: NO | H48: YES | O48: 27 | P48: mumbai | Q48: 23 | U48: NO | V48: YES | Y48: 36 | Z48: 10 | AA48: khammam | AB48: mahabubabad | AC48: mahabubabad | AD48: mahabubabad | AE48: YES | AF48: NO
O49: 32 | P49: kasaragod | Q49: 1 | U49: NO | V49: YES | Y49: 36 | Z49: 11 | AB49: warangalrural | AC49: warangalrural | AD49: warangalrural | AE49: NO | AF49: YES
O50: 32 | P50: kasaragode | R50: 1 | S50: 1 | T50: 1 | U50: NO | V50: YES | Y50: 36 | Z50: 12 | AB50: warangalurban | AC50: warangalurban | AD50: warangalurban | AE50: NO | AF50: YES
O51: 36 | P51: bhadradrikothagudem | R51: 9 | S51: 9 | T51: 9 | U51: NO | V51: YES | Y51: 36 | Z51: 13 | AB51: karimnagar | AC51: karimnagar | AD51: karimnagar | AE51: NO | AF51: YES
O52: 36 | P52: hyderabad | Q52: 5 | R52: 22 | S52: 22 | T52: 22 | U52: YES | V52: NO | Y52: 36 | Z52: 14 | AB52: rajannasircilla | AC52: rajannasircilla | AD52: rajannasircilla | AE52: NO | AF52: YES
O53: 36 | P53: jagtial | R53: 6 | S53: 6 | T53: 6 | U53: NO | V53: YES | Y53: 36 | Z53: 15 | AB53: kamareddy | AC53: kamareddy | AD53: kamareddy | AE53: NO | AF53: YES
O54: 36 | P54: jangaon | R54: 19 | S54: 19 | T54: 19 | U54: NO | V54: YES | Y54: 36 | Z54: 16 | AB54: sangareddy | AC54: sangareddy | AD54: sangareddy | AE54: NO | AF54: YES
O55: 36 | P55: jayashankar | R55: 8 | S55: 8 | T55: 8 | U55: NO | V55: YES | Y55: 36 | Z55: 17 | AB55: medak | AC55: medak | AD55: medak | AE55: NO | AF55: YES
O56: 36 | P56: jogulambagadwal | R56: 26 | S56: 26 | T56: 26 | U56: NO | V56: YES | Y56: 36 | Z56: 18 | AB56: siddipet | AC56: siddipet | AD56: siddipet | AE56: NO | AF56: YES
O57: 36 | P57: kamareddy | R57: 15 | S57: 15 | T57: 15 | U57: NO | V57: YES | Y57: 36 | Z57: 19 | AB57: jangaon | AC57: jangaon | AD57: jangaon | AE57: NO | AF57: YES
O58: 36 | P58: karimnagar | Q58: 3 | R58: 13 | S58: 13 | T58: 13 | U58: YES | V58: NO | Y58: 36 | Z58: 20 | AB58: yadadribhuvanagiri | AC58: yadadribhuvanagiri | AD58: yadadribhuvanagiri | AE58: NO | AF58: YES
O59: 36 | P59: khammam | Q59: 10 | R59: 31 | S59: 31 | T59: 31 | U59: YES | V59: NO | Y59: 36 | Z59: 21 | AB59: medchalmalkajgiri | AC59: medchalmalkajgiri | AD59: medchalmalkajgiri | AE59: NO | AF59: YES
O60: 36 | P60: komarambheem | R60: 2 | S60: 2 | T60: 2 | U60: NO | V60: YES | Y60: 36 | Z60: 22 | AB60: hyderabad | AC60: hyderabad | AD60: hyderabad | AE60: NO | AF60: YES
O61: 36 | P61: mahabubabad | R61: 10 | S61: 10 | T61: 10 | U61: NO | V61: YES | Y61: 36 | Z61: 23 | AB61: rangareddy | AC61: rangareddy | AD61: rangareddy | AE61: NO | AF61: YES
O62: 36 | P62: mahabubnagar | R62: 25 | S62: 25 | T62: 25 | U62: NO | V62: YES | Y62: 36 | Z62: 24 | AB62: vikarabad | AC62: vikarabad | AD62: vikarabad | AE62: NO | AF62: YES
O63: 36 | P63: mahbubnagar | Q63: 7 | U63: NO | V63: YES | Y63: 36 | Z63: 25 | AB63: mahabubnagar | AC63: mahabubnagar | AD63: mahabubnagar | AE63: NO | AF63: YES
O64: 36 | P64: mancherial | R64: 3 | S64: 3 | T64: 3 | U64: NO | V64: YES | Y64: 36 | Z64: 26 | AB64: jogulambagadwal | AC64: jogulambagadwal | AD64: jogulambagadwal | AE64: NO | AF64: YES
O65: 36 | P65: medak | Q65: 4 | R65: 17 | S65: 17 | T65: 17 | U65: YES | V65: NO | Y65: 36 | Z65: 27 | AB65: wanaparthy | AC65: wanaparthy | AD65: wanaparthy | AE65: NO | AF65: YES
O66: 36 | P66: medchalmalkajgiri | R66: 21 | S66: 21 | T66: 21 | U66: NO | V66: YES | Y66: 36 | Z66: 28 | AB66: nagarkurnool | AC66: nagarkurnool | AD66: nagarkurnool | AE66: NO | AF66: YES
O67: 36 | P67: mulugu | R67: 32 | S67: 32 | T67: 32 | U67: NO | V67: YES | Y67: 36 | Z67: 29 | AB67: nalgonda | AC67: nalgonda | AD67: nalgonda | AE67: NO | AF67: YES
O68: 36 | P68: nagarkurnool | R68: 28 | S68: 28 | T68: 28 | U68: NO | V68: YES | Y68: 36 | Z68: 30 | AB68: suryapet | AC68: suryapet | AD68: suryapet | AE68: NO | AF68: YES
O69: 36 | P69: nalgonda | Q69: 8 | R69: 29 | S69: 29 | T69: 29 | U69: YES | V69: NO | Y69: 36 | Z69: 31 | AB69: khammam | AC69: khammam | AD69: khammam | AE69: NO | AF69: YES
O70: 36 | P70: narayanpet | R70: 33 | S70: 33 | T70: 33 | U70: NO | V70: YES | Y70: 36 | Z70: 32 | AB70: mulugu | AC70: mulugu | AD70: mulugu | AE70: NO | AF70: YES
O71: 36 | P71: nirmal | R71: 4 | S71: 4 | T71: 4 | U71: NO | V71: YES | Y71: 36 | Z71: 33 | AB71: narayanpet | AC71: narayanpet | AD71: narayanpet | AE71: NO | AF71: YES
O72: 36 | P72: nizamabad | Q72: 2 | R72: 5 | S72: 5 | T72: 5 | U72: YES | V72: NO | Y72: 37 | Z72: 1 | AC72: lehladakh | AD72: lehladakh | AE72: NO | AF72: YES
O73: 36 | P73: peddapalli | R73: 7 | S73: 7 | T73: 7 | U73: NO | V73: YES | Y73: 37 | Z73: 2 | AC73: kargil | AD73: kargil | AE73: NO | AF73: YES
O74: 36 | P74: rajannasircilla | R74: 14 | S74: 14 | T74: 14 | U74: NO | V74: YES
O75: 36 | P75: rangareddy | Q75: 6 | R75: 23 | S75: 23 | T75: 23 | U75: YES | V75: NO
O76: 36 | P76: sangareddy | R76: 16 | S76: 16 | T76: 16 | U76: NO | V76: YES
O77: 36 | P77: siddipet | R77: 18 | S77: 18 | T77: 18 | U77: NO | V77: YES
O78: 36 | P78: suryapet | R78: 30 | S78: 30 | T78: 30 | U78: NO | V78: YES
O79: 36 | P79: vikarabad | R79: 24 | S79: 24 | T79: 24 | U79: NO | V79: YES
O80: 36 | P80: wanaparthy | R80: 27 | S80: 27 | T80: 27 | U80: NO | V80: YES
O81: 36 | P81: warangal | Q81: 9 | U81: NO | V81: YES
O82: 36 | P82: warangalrural | R82: 11 | S82: 11 | T82: 11 | U82: NO | V82: YES
O83: 36 | P83: warangalurban | R83: 12 | S83: 12 | T83: 12 | U83: NO | V83: YES
O84: 36 | P84: yadadribhuvanagiri | R84: 20 | S84: 20 | T84: 20 | U84: NO | V84: YES
O85: 37 | P85: kargil | S85: 2 | T85: 2 | U85: NO | V85: YES
O86: 37 | P86: lehladakh | S86: 1 | T86: 1 | U86: NO | V86: YES

Sheet District_Crosswalk_Long
A1: Index | B1: Period | C1: state code | D1: state name | E1: district code | F1: district name | G1: district name clean | H1: district name key
A2: 11 | B2: 17-19 | C2: 1 | D2: Jammu & Kashmir | E2: 1 | F2: Kupwara | G2: kupwara | H2: kupwara
A3: 1 | B3: 19-21 | C3: 1 | D3: JAMMU & KASHMIR | E3: 1 | F3: Kupwara | G3: kupwara | H3: kupwara
A4: 1 | B4: 21-23 | C4: 1 | D4: JAMMU & KASHMIR | E4: 1 | F4: Kupwara | G4: kupwara | H4: kupwara
A5: 1 | B5: 23/24 | C5: 1 | D5: JAMMU & KASHMIR | E5: 1 | F5: Kupwara | G5: kupwara | H5: kupwara
A6: 12 | B6: 17-19 | C6: 1 | D6: Jammu & Kashmir | E6: 2 | F6: Badgam | G6: badgam | H6: badgam
A7: 2 | B7: 19-21 | C7: 1 | D7: JAMMU & KASHMIR | E7: 2 | F7: Badgam | G7: badgam | H7: badgam
A8: 2 | B8: 21-23 | C8: 1 | D8: JAMMU & KASHMIR | E8: 2 | F8: Badgam | G8: badgam | H8: badgam
A9: 2 | B9: 23/24 | C9: 1 | D9: JAMMU & KASHMIR | E9: 2 | F9: Badgam | G9: badgam | H9: badgam
A10: 21 | B10: 17-19 | C10: 1 | D10: Jammu & Kashmir | E10: 3 | F10: Leh (Ladakh) | G10: leh (ladakh) | H10: lehladakh
A11: 3 | B11: 19-21 | C11: 1 | D11: JAMMU & KASHMIR | E11: 3 | F11: Leh(Ladakh) | G11: leh(ladakh) | H11: lehladakh
A12: 22 | B12: 17-19 | C12: 1 | D12: Jammu & Kashmir | E12: 4 | F12: Kargil | G12: kargil | H12: kargil
A13: 4 | B13: 19-21 | C13: 1 | D13: JAMMU & KASHMIR | E13: 4 | F13: Kargil | G13: kargil | H13: kargil
... A2734: 694 | B2734: 23/24 | C2734: 37 | D2734: LADAKH | E2734: 2 | F2734: Kargil | G2734: kargil | H2734: kargil

Sheet District Names
A1: state code | B1: state name | C1: 17-19 | D1: 19-21 | E1: 21-23 | F1: 24 | G1: 25 | H1: Changed?
A2: {=_xlfn._xlws.SORT(_xlfn.UNIQUE(_xlfn.VSTACK('Raw Data'!A699:A1001,'Raw Data'!F5:F1001,'Raw Data'!K5:K1001,'Raw Data'!P5:P1001,'Raw Data'!U4:U1001)))} -> 1 | B2: =_xlfn.XLOOKUP(A2,'Raw Data'!$A$699:$A$1001,'Raw Data'!$B$699:$B$1001,"") | C2: =COUNTIF('Raw Data'!$U$4:$U$1001,A2) -> 0 | D2: =COUNTIF('Raw Data'!$P$5:$P$1001,A2) -> 20 | E2: =COUNTIF('Raw Data'!$K$5:$K$1001,A2) -> 20 | F2: =COUNTIF('Raw Data'!$F$5:$F$1001,A2) -> 18 | G2: =COUNTIF('Raw Data'!$A$699:$A$1001,A2) -> 0 | H2: =IF(MAX(C2:G2)=MIN(C2:G2),"No","YES") -> YES | I2: Jammu and Kashmir
A3: 2 | B3: =_xlfn.XLOOKUP(A3,'Raw Data'!$A$699:$A$1001,'Raw Data'!$B$699:$B$1001,"") | C3: =COUNTIF('Raw Data'!$U$4:$U$1001,A3) -> 0 | D3: =COUNTIF('Raw Data'!$P$5:$P$1001,A3) -> 12 | E3: =COUNTIF('Raw Data'!$K$5:$K$1001,A3) -> 12 | F3: =COUNTIF('Raw Data'!$F$5:$F$1001,A3) -> 12 | G3: =COUNTIF('Raw Data'!$A$699:$A$1001,A3) -> 0 | H3: =IF(MAX(C3:G3)=MIN(C3:G3),"No","YES") -> YES
A4: 3 | B4: =_xlfn.XLOOKUP(A4,'Raw Data'!$A$699:$A$1001,'Raw Data'!$B$699:$B$1001,"") | C4: =COUNTIF('Raw Data'!$U$4:$U$1001,A4) -> 0 | D4: =COUNTIF('Raw Data'!$P$5:$P$1001,A4) -> 22 | E4: =COUNTIF('Raw Data'!$K$5:$K$1001,A4) -> 22 | F4: =COUNTIF('Raw Data'!$F$5:$F$1001,A4) -> 22 | G4: =COUNTIF('Raw Data'!$A$699:$A$1001,A4) -> 0 | H4: =IF(MAX(C4:G4)=MIN(C4:G4),"No","YES") -> YES
A5: 4 | B5: =_xlfn.XLOOKUP(A5,'Raw Data'!$A$699:$A$1001,'Raw Data'!$B$699:$B$1001,"") | C5: =COUNTIF('Raw Data'!$U$4:$U$1001,A5) -> 0 | D5: =COUNTIF('Raw Data'!$P$5:$P$1001,A5) -> 1 | E5: =COUNTIF('Raw Data'!$K$5:$K$1001,A5) -> 1 | F5: =COUNTIF('Raw Data'!$F$5:$F$1001,A5) -> 1 | G5: =COUNTIF('Raw Data'!$A$699:$A$1001,A5) -> 0 | H5: =IF(MAX(C5:G5)=MIN(C5:G5),"No","YES") -> YES
A6: 5 | B6: =_xlfn.XLOOKUP(A6,'Raw Data'!$A$699:$A$1001,'Raw Data'!$B$699:$B$1001,"") | C6: =COUNTIF('Raw Data'!$U$4:$U$1001,A6) -> 0 | D6: =COUNTIF('Raw Data'!$P$5:$P$1001,A6) -> 13 | E6: =COUNTIF('Raw Data'!$K$5:$K$1001,A6) -> 13 | F6: =COUNTIF('Raw Data'!$F$5:$F$1001,A6) -> 13 | G6: =COUNTIF('Raw Data'!$A$699:$A$1001,A6) -> 0 | H6: =IF(MAX(C6:G6)=MIN(C6:G6),"No","YES") -> YES
A7: 6 | B7: =_xlfn.XLOOKUP(A7,'Raw Data'!$A$699:$A$1001,'Raw Data'!$B$699:$B$1001,"") | C7: =COUNTIF('Raw Data'!$U$4:$U$1001,A7) -> 0 | D7: =COUNTIF('Raw Data'!$P$5:$P$1001,A7) -> 21 | E7: =COUNTIF('Raw Data'!$K$5:$K$1001,A7) -> 21 | F7: =COUNTIF('Raw Data'!$F$5:$F$1001,A7) -> 21 | G7: =COUNTIF('Raw Data'!$A$699:$A$1001,A7) -> 0 | H7: =IF(MAX(C7:G7)=MIN(C7:G7),"No","YES") -> YES | I7: Tripura
A8: 7 | B8: =_xlfn.XLOOKUP(A8,'Raw Data'!$A$699:$A$1001,'Raw Data'!$B$699:$B$1001,"") | C8: =COUNTIF('Raw Data'!$U$4:$U$1001,A8) -> 0 | D8: =COUNTIF('Raw Data'!$P$5:$P$1001,A8) -> 9 | E8: =COUNTIF('Raw Data'!$K$5:$K$1001,A8) -> 9 | F8: =COUNTIF('Raw Data'!$F$5:$F$1001,A8) -> 9 | G8: =COUNTIF('Raw Data'!$A$699:$A$1001,A8) -> 0 | H8: =IF(MAX(C8:G8)=MIN(C8:G8),"No","YES") -> YES | I8: Assam
A9: 8 | B9: =_xlfn.XLOOKUP(A9,'Raw Data'!$A$699:$A$1001,'Raw Data'!$B$699:$B$1001,"") | C9: =COUNTIF('Raw Data'!$U$4:$U$1001,A9) -> 0 | D9: =COUNTIF('Raw Data'!$P$5:$P$1001,A9) -> 33 | E9: =COUNTIF('Raw Data'!$K$5:$K$1001,A9) -> 33 | F9: =COUNTIF('Raw Data'!$F$5:$F$1001,A9) -> 33 | G9: =COUNTIF('Raw Data'!$A$699:$A$1001,A9) -> 0 | H9: =IF(MAX(C9:G9)=MIN(C9:G9),"No","YES") -> YES | I9: West Bengal
A10: 9 | B10: =_xlfn.XLOOKUP(A10,'Raw Data'!$A$699:$A$1001,'Raw Data'!$B$699:$B$1001,"") | C10: =COUNTIF('Raw Data'!$U$4:$U$1001,A10) -> 0 | D10: =COUNTIF('Raw Data'!$P$5:$P$1001,A10) -> 71 | E10: =COUNTIF('Raw Data'!$K$5:$K$1001,A10) -> 71 | F10: =COUNTIF('Raw Data'!$F$5:$F$1001,A10) -> 71 | G10: =COUNTIF('Raw Data'!$A$699:$A$1001,A10) -> 0 | H10: =IF(MAX(C10:G10)=MIN(C10:G10),"No","YES") -> YES | I10: Gujarat
A11: 10 | B11: =_xlfn.XLOOKUP(A11,'Raw Data'!$A$699:$A$1001,'Raw Data'!$B$699:$B$1001,"") | C11: =COUNTIF('Raw Data'!$U$4:$U$1001,A11) -> 0 | D11: =COUNTIF('Raw Data'!$P$5:$P$1001,A11) -> 38 | E11: =COUNTIF('Raw Data'!$K$5:$K$1001,A11) -> 38 | F11: =COUNTIF('Raw Data'!$F$5:$F$1001,A11) -> 38 | G11: =COUNTIF('Raw Data'!$A$699:$A$1001,A11) -> 0 | H11: =IF(MAX(C11:G11)=MIN(C11:G11),"No","YES") -> YES | I11: Dadra and Nagar Haveli and Daman and Diu
A12: 11 | B12: =_xlfn.XLOOKUP(A12,'Raw Data'!$A$699:$A$1001,'Raw Data'!$B$699:$B$1001,"") | C12: =COUNTIF('Raw Data'!$U$4:$U$1001,A12) -> 0 | D12: =COUNTIF('Raw Data'!$P$5:$P$1001,A12) -> 4 | E12: =COUNTIF('Raw Data'!$K$5:$K$1001,A12) -> 4 | F12: =COUNTIF('Raw Data'!$F$5:$F$1001,A12) -> 4 | G12: =COUNTIF('Raw Data'!$A$699:$A$1001,A12) -> 0 | H12: =IF(MAX(C12:G12)=MIN(C12:G12),"No","YES") -> YES | I12: Telangana
A13: 12 | B13: =_xlfn.XLOOKUP(A13,'Raw Data'!$A$699:$A$1001,'Raw Data'!$B$699:$B$1001,"") | C13: =COUNTIF('Raw Data'!$U$4:$U$1001,A13) -> 0 | D13: =COUNTIF('Raw Data'!$P$5:$P$1001,A13) -> 16 | E13: =COUNTIF('Raw Data'!$K$5:$K$1001,A13) -> 16 | F13: =COUNTIF('Raw Data'!$F$5:$F$1001,A13) -> 16 | G13: =COUNTIF('Raw Data'!$A$699:$A$1001,A13) -> 0 | H13: =IF(MAX(C13:G13)=MIN(C13:G13),"No","YES") -> YES | I13: Maharashtra
A14: 13 | B14: =_xlfn.XLOOKUP(A14,'Raw Data'!$A$699:$A$1001,'Raw Data'!$B$699:$B$1001,"") | C14: =COUNTIF('Raw Data'!$U$4:$U$1001,A14) -> 0 | D14: =COUNTIF('Raw Data'!$P$5:$P$1001,A14) -> 11 | E14: =COUNTIF('Raw Data'!$K$5:$K$1001,A14) -> 11 | F14: =COUNTIF('Raw Data'!$F$5:$F$1001,A14) -> 11 | G14: =COUNTIF('Raw Data'!$A$699:$A$1001,A14) -> 0 | H14: =IF(MAX(C14:G14)=MIN(C14:G14),"No","YES") -> YES
A15: 14 | B15: =_xlfn.XLOOKUP(A15,'Raw Data'!$A$699:$A$1001,'Raw Data'!$B$699:$B$1001,"") | C15: =COUNTIF('Raw Data'!$U$4:$U$1001,A15) -> 0 | D15: =COUNTIF('Raw Data'!$P$5:$P$1001,A15) -> 9 | E15: =COUNTIF('Raw Data'!$K$5:$K$1001,A15) -> 9 | F15: =COUNTIF('Raw Data'!$F$5:$F$1001,A15) -> 9 | G15: =COUNTIF('Raw Data'!$A$699:$A$1001,A15) -> 0 | H15: =IF(MAX(C15:G15)=MIN(C15:G15),"No","YES") -> YES
A16: 15 | B16: =_xlfn.XLOOKUP(A16,'Raw Data'!$A$699:$A$1001,'Raw Data'!$B$699:$B$1001,"") | C16: =COUNTIF('Raw Data'!$U$4:$U$1001,A16) -> 0 | D16: =COUNTIF('Raw Data'!$P$5:$P$1001,A16) -> 8 | E16: =COUNTIF('Raw Data'!$K$5:$K$1001,A16) -> 8 | F16: =COUNTIF('Raw Data'!$F$5:$F$1001,A16) -> 8 | G16: =COUNTIF('Raw Data'!$A$699:$A$1001,A16) -> 0 | H16: =IF(MAX(C16:G16)=MIN(C16:G16),"No","YES") -> YES
A17: 16 | B17: =_xlfn.XLOOKUP(A17,'Raw Data'!$A$699:$A$1001,'Raw Data'!$B$699:$B$1001,"") | C17: =COUNTIF('Raw Data'!$U$4:$U$1001,A17) -> 0 | D17: =COUNTIF('Raw Data'!$P$5:$P$1001,A17) -> 4 | E17: =COUNTIF('Raw Data'!$K$5:$K$1001,A17) -> 8 | F17: =COUNTIF('Raw Data'!$F$5:$F$1001,A17) -> 8 | G17: =COUNTIF('Raw Data'!$A$699:$A$1001,A17) -> 0 | H17: =IF(MAX(C17:G17)=MIN(C17:G17),"No","YES") -> YES
A18: 17 | B18: =_xlfn.XLOOKUP(A18,'Raw Data'!$A$699:$A$1001,'Raw Data'!$B$699:$B$1001,"") | C18: =COUNTIF('Raw Data'!$U$4:$U$1001,A18) -> 0 | D18: =COUNTIF('Raw Data'!$P$5:$P$1001,A18) -> 7 | E18: =COUNTIF('Raw Data'!$K$5:$K$1001,A18) -> 7 | F18: =COUNTIF('Raw Data'!$F$5:$F$1001,A18) -> 7 | G18: =COUNTIF('Raw Data'!$A$699:$A$1001,A18) -> 0 | H18: =IF(MAX(C18:G18)=MIN(C18:G18),"No","YES") -> YES
A19: 18 | B19: =_xlfn.XLOOKUP(A19,'Raw Data'!$A$699:$A$1001,'Raw Data'!$B$699:$B$1001,"") | C19: =COUNTIF('Raw Data'!$U$4:$U$1001,A19) -> 0 | D19: =COUNTIF('Raw Data'!$P$5:$P$1001,A19) -> 27 | E19: =COUNTIF('Raw Data'!$K$5:$K$1001,A19) -> 33 | F19: =COUNTIF('Raw Data'!$F$5:$F$1001,A19) -> 33 | G19: =COUNTIF('Raw Data'!$A$699:$A$1001,A19) -> 0 | H19: =IF(MAX(C19:G19)=MIN(C19:G19),"No","YES") -> YES
A20: 19 | B20: =_xlfn.XLOOKUP(A20,'Raw Data'!$A$699:$A$1001,'Raw Data'!$B$699:$B$1001,"") | C20: =COUNTIF('Raw Data'!$U$4:$U$1001,A20) -> 0 | D20: =COUNTIF('Raw Data'!$P$5:$P$1001,A20) -> 19 | E20: =COUNTIF('Raw Data'!$K$5:$K$1001,A20) -> 23 | F20: =COUNTIF('Raw Data'!$F$5:$F$1001,A20) -> 23 | G20: =COUNTIF('Raw Data'!$A$699:$A$1001,A20) -> 0 | H20: =IF(MAX(C20:G20)=MIN(C20:G20),"No","YES") -> YES
A21: 20 | B21: =_xlfn.XLOOKUP(A21,'Raw Data'!$A$699:$A$1001,'Raw Data'!$B$699:$B$1001,"") | C21: =COUNTIF('Raw Data'!$U$4:$U$1001,A21) -> 0 | D21: =COUNTIF('Raw Data'!$P$5:$P$1001,A21) -> 24 | E21: =COUNTIF('Raw Data'!$K$5:$K$1001,A21) -> 24 | F21: =COUNTIF('Raw Data'!$F$5:$F$1001,A21) -> 24 | G21: =COUNTIF('Raw Data'!$A$699:$A$1001,A21) -> 0 | H21: =IF(MAX(C21:G21)=MIN(C21:G21),"No","YES") -> YES
A22: 21 | B22: =_xlfn.XLOOKUP(A22,'Raw Data'!$A$699:$A$1001,'Raw Data'!$B$699:$B$1001,"") | C22: =COUNTIF('Raw Data'!$U$4:$U$1001,A22) -> 0 | D22: =COUNTIF('Raw Data'!$P$5:$P$1001,A22) -> 30 | E22: =COUNTIF('Raw Data'!$K$5:$K$1001,A22) -> 30 | F22: =COUNTIF('Raw Data'!$F$5:$F$1001,A22) -> 30 | G22: =COUNTIF('Raw Data'!$A$699:$A$1001,A22) -> 0 | H22: =IF(MAX(C22:G22)=MIN(C22:G22),"No","YES") -> YES
A23: 22 | B23: =_xlfn.XLOOKUP(A23,'Raw Data'!$A$699:$A$1001,'Raw Data'!$B$699:$B$1001,"") | C23: =COUNTIF('Raw Data'!$U$4:$U$1001,A23) -> 0 | D23: =COUNTIF('Raw Data'!$P$5:$P$1001,A23) -> 27 | E23: =COUNTIF('Raw Data'!$K$5:$K$1001,A23) -> 27 | F23: =COUNTIF('Raw Data'!$F$5:$F$1001,A23) -> 27 | G23: =COUNTIF('Raw Data'!$A$699:$A$1001,A23) -> 0 | H23: =IF(MAX(C23:G23)=MIN(C23:G23),"No","YES") -> YES
A24: 23 | B24: =_xlfn.XLOOKUP(A24,'Raw Data'!$A$699:$A$1001,'Raw Data'!$B$699:$B$1001,"") | C24: =COUNTIF('Raw Data'!$U$4:$U$1001,A24) -> 0 | D24: =COUNTIF('Raw Data'!$P$5:$P$1001,A24) -> 50 | E24: =COUNTIF('Raw Data'!$K$5:$K$1001,A24) -> 50 | F24: =COUNTIF('Raw Data'!$F$5:$F$1001,A24) -> 50 | G24: =COUNTIF('Raw Data'!$A$699:$A$1001,A24) -> 0 | H24: =IF(MAX(C24:G24)=MIN(C24:G24),"No","YES") -> YES
A25: 24 | B25: =_xlfn.XLOOKUP(A25,'Raw Data'!$A$699:$A$1001,'Raw Data'!$B$699:$B$1001,"") | C25: =COUNTIF('Raw Data'!$U$4:$U$1001,A25) -> 0 | D25: =COUNTIF('Raw Data'!$P$5:$P$1001,A25) -> 26 | E25: =COUNTIF('Raw Data'!$K$5:$K$1001,A25) -> 33 | F25: =COUNTIF('Raw Data'!$F$5:$F$1001,A25) -> 33 | G25: =COUNTIF('Raw Data'!$A$699:$A$1001,A25) -> 0 | H25: =IF(MAX(C25:G25)=MIN(C25:G25),"No","YES") -> YES
... A37: 36 | B37: =_xlfn.XLOOKUP(A37,'Raw Data'!$A$699:$A$1001,'Raw Data'!$B$699:$B$1001,"") | C37: =COUNTIF('Raw Data'!$U$4:$U$1001,A37) -> 0 | D37: =COUNTIF('Raw Data'!$P$5:$P$1001,A37) -> 10 | E37: =COUNTIF('Raw Data'!$K$5:$K$1001,A37) -> 33 | F37: =COUNTIF('Raw Data'!$F$5:$F$1001,A37) -> 33 | G37: =COUNTIF('Raw Data'!$A$699:$A$1001,A37) -> 0 | H37: =IF(MAX(C37:G37)=MIN(C37:G37),"No","YES") -> YES
A38: 37 | B38: =_xlfn.XLOOKUP(A38,'Raw Data'!$A$699:$A$1001,'Raw Data'!$B$699:$B$1001,"") | C38: =COUNTIF('Raw Data'!$U$4:$U$1001,A38) -> 0 | D38: =COUNTIF('Raw Data'!$P$5:$P$1001,A38) -> 0
A39: 0 | B39: =_xlfn.XLOOKUP(A39,'Raw Data'!$A$699:$A$1001,'Raw Data'!$B$699:$B$1001,"") | C39: =COUNTIF('Raw Data'!$U$4:$U$1001,A39) -> 0

Sheet Raw Data
A1: 23/24 | F1: 21-23 | K1: 19-21 | P1: 17-19 | T1: Column20 | U1: Column21 | V1: Column22 | W1: Column23 | X1: Column24
A2: State Code | B2: State Name | C2: DISTRICT CODE | D2: DISTRICT NAME | F2: State Code | G2: State Name | H2: DISTRICT CODE | I2: DISTRICT NAME | K2: State Code | L2: State Name | M2: DISTRICT CODE | N2: DISTRICT NAME | P2: State Code | Q2: State name | R2: District Code | S2: District Name
A3: 1 | B3: JAMMU & KASHMIR | C3: 13 | D3: Shupiyan | F3: 1 | G3: JAMMU & KASHMIR | H3: 13 | I3: Shupiyan | K3: 1 | L3: JAMMU & KASHMIR | M3: 11 | N3: Ganderbal | P3: 1 | Q3: Jammu & Kashmir | R3: 1 | S3: Kupwara
A4: 1 | B4: JAMMU & KASHMIR | C4: 14 | D4: Anantnag | F4: 1 | G4: JAMMU & KASHMIR | H4: 14 | I4: Anantnag | K4: 1 | L4: JAMMU & KASHMIR | M4: 12 | N4: Pulwama | P4: 1 | Q4: Jammu & Kashmir | R4: 2 | S4: Badgam
A5: 1 | B5: JAMMU & KASHMIR | C5: 6 | D5: Rajouri | F5: 1 | G5: JAMMU & KASHMIR | H5: 6 | I5: Rajouri | K5: 1 | L5: JAMMU & KASHMIR | M5: 4 | N5: Kargil | P5: 1 | Q5: Jammu & Kashmir | R5: 5 | S5: Punch
A6: 1 | B6: JAMMU & KASHMIR | C6: 7 | D6: Kathua | F6: 1 | G6: JAMMU & KASHMIR | H6: 7 | I6: Kathua | K6: 1 | L6: JAMMU & KASHMIR | M6: 5 | N6: Punch | P6: 1 | Q6: Jammu & Kashmir | R6: 6 | S6: Rajouri
A7: 1 | B7: JAMMU & KASHMIR | C7: 1 | D7: Kupwara | F7: 1 | G7: JAMMU & KASHMIR | H7: 1 | I7: Kupwara | K7: 1 | L7: JAMMU & KASHMIR | M7: 1 | N7: Kupwara | P7: 1 | Q7: Jammu & Kashmir | R7: 7 | S7: Kathua
A8: 1 | B8: JAMMU & KASHMIR | C8: 15 | D8: Kulgam | F8: 1 | G8: JAMMU & KASHMIR | H8: 15 | I8: Kulgam | K8: 1 | L8: JAMMU & KASHMIR | M8: 13 | N8: Shupiyan | P8: 1 | Q8: Jammu & Kashmir | R8: 8 | S8: Baramula
A9: 1 | B9: JAMMU & KASHMIR | C9: 16 | D9: Doda | F9: 1 | G9: JAMMU & KASHMIR | H9: 16 | I9: Doda | K9: 1 | L9: JAMMU & KASHMIR | M9: 14 | N9: Anantnag | P9: 1 | Q9: Jammu & Kashmir | R9: 9 | S9: Bandipore
A10: 1 | B10: JAMMU & KASHMIR | C10: 17 | D10: Ramban | F10: 1 | G10: JAMMU & KASHMIR | H10: 17 | I10: Ramban | K10: 1 | L10: JAMMU & KASHMIR | M10: 15 | N10: Kulgam | P10: 1 | Q10: Jammu & Kashmir | R10: 10 | S10: Srinagar
A11: 1 | B11: JAMMU & KASHMIR | C11: 18 | D11: Kishtwar | F11: 1 | G11: JAMMU & KASHMIR | H11: 18 | I11: Kishtwar | K11: 1 | L11: JAMMU & KASHMIR | M11: 16 | N11: Doda | P11: 1 | Q11: Jammu & Kashmir | R11: 11 | S11: Ganderbal
A12: 1 | B12: JAMMU & KASHMIR | C12: 19 | D12: Udhampur | F12: 1 | G12: JAMMU & KASHMIR | H12: 19 | I12: Udhampur | K12: 1 | L12: JAMMU & KASHMIR | M12: 17 | N12: Ramban | P12: 1 | Q12: Jammu & Kashmir | R12: 12 | S12: Pulwama
A13: 1 | B13: JAMMU & KASHMIR | C13: 20 | D13: Reasi | F13: 1 | G13: JAMMU & KASHMIR | H13: 20 | I13: Reasi | K13: 1 | L13: JAMMU & KASHMIR | M13: 18 | N13: Kishtwar | P13: 1 | Q13: Jammu & Kashmir | R13: 13 | S13: Shupiyan
A14: 1 | B14: JAMMU & KASHMIR | C14: 21 | D14: Jammu | F14: 1 | G14: JAMMU & KASHMIR | H14: 21 | I14: Jammu | K14: 1 | L14: JAMMU & KASHMIR | M14: 19 | N14: Udhampur | P14: 1 | Q14: Jammu & Kashmir | R14: 14 | S14: Anantnag
... A653: 33 | B653: TAMIL NADU | C653: 31 | D653: Coimbatore | F653: 33 | G653: TAMIL NADU | H653: 31 | I653: Coimbatore | K653: 33 | L653: TAMIL NADU | M653: 29 | N653: Dharmapuri | P653: 36 | Q653: Telangana | R653: 10 | S653: Khammam
A654: 33 | B654: TAMIL NADU | C654: 32 | D654: Tiruppur | F654: 33 | G654: TAMIL NADU | H654: 32 | I654: Tiruppur | K654: 33 | L654: TAMIL NADU | M654: 30 | N654: Krishnagiri
A655: 34 | B655: PUDUCHERRY | C655: 1 | D655: Yanam | F655: 34 | G655: PUDUCHERRY | H655: 1 | I655: Yanam | K655: 33 | L655: TAMIL NADU | M655: 31 | N655: Coimbatore
A656: 34 | B656: PUDUCHERRY | C656: 2 | D656: Puducherry | F656: 34 | G656: PUDUCHERRY | H656: 2 | I656: Puducherry | K656: 33 | L656: TAMIL NADU | M656: 32 | N656: Tiruppur
A657: 34 | B657: PUDUCHERRY | C657: 3 | D657: Mahe | F657: 34 | G657: PUDUCHERRY | H657: 3 | I657: Mahe | K657: 34 | L657: PUDUCHERRY | M657: 1 | N657: Yanam
A658: 34 | B658: PUDUCHERRY | C658: 4 | D658: Karaikal | F658: 34 | G658: PUDUCHERRY | H658: 4 | I658: Karaikal | K658: 34 | L658: PUDUCHERRY | M658: 2 | N658: Puducherry
A659: 35 | B659: A & N ISLANDS | C659: 1 | D659: Nicobars | F659: 35 | G659: A & N ISLANDS | H659: 1 | I659: Nicobars | K659: 34 | L659: PUDUCHERRY | M659: 3 | N659: Mahe
A660: 35 | B660: A & N ISLANDS | C660: 2 | D660: North & Middle Andaman | F660: 35 | G660: A & N ISLANDS | H660: 2 | I660: North & Middle Andaman | K660: 34 | L660: PUDUCHERRY | M660: 4 | N660: Karaikal
A661: 35 | B661: A & N ISLANDS | C661: 3 | D661: South Andaman | F661: 35 | G661: A & N ISLANDS | H661: 3 | I661: South Andaman | K661: 35 | L661: A & N ISLANDS | M661: 1 | N661: Nicobars
A662: 36 | B662: TELANGANA | C662: 1 | D662: Adilabad | F662: 36 | G662: TELANGANA | H662: 1 | I662: Adilabad | K662: 35 | L662: A & N ISLANDS | M662: 2 | N662: North & Middle Andaman
A663: 36 | B663: TELANGANA | C663: 2 | D663: Komaram Bheem | F663: 36 | G663: TELANGANA | H663: 2 | I663: Komaram Bheem | K663: 35 | L663: A & N ISLANDS | M663: 3 | N663: South Andaman
A664: 36 | B664: TELANGANA | C664: 3 | D664: Mancherial | F664: 36 | G664: TELANGANA | H664: 3 | I664: Mancherial | K664: 36 | L664: TELANGANA | M664: 1 | N664: Adilabad
A665: 36 | B665: TELANGANA | C665: 4 | D665: Nirmal | F665: 36 | G665: TELANGANA | H665: 4 | I665: Nirmal | K665: 36 | L665: TELANGANA | M665: 2 | N665: Komaram Bheem
... A696: 37 | B696: LADAKH | C696: 2 | D696: Kargil | F696: 37 | G696: LADAKH | H696: 2 | I696: Kargil | K696: 36 | L696: TELANGANA | M696: 33 | N696: Narayanpet

Sheet State Names
A1: 17-19 Code | B1: 17-19 Name | D1: 19-21 Code | E1: 19-21 Name | G1: 21-23 Code | H1: 21-23 Name | J1: 23-24 Code | K1: 23-24 Name | M1: 2025 Code | N1: 2025 Name | P1: State Code | Q1: 17-19 Name | R1: 19-21 Name | S1: 21-23 Name | T1: 23-24 Name | U1: 2025 Name | V1: Changed?
A2: {=_xlfn._xlws.SORT(_xlfn.UNIQUE(_xlfn._xlws.FILTER('Raw Data'!U4:V1001,'Raw Data'!U4:U1001<>"")),1,1)} -> #VALUE! | D2: {=_xlfn._xlws.SORT(_xlfn.UNIQUE(_xlfn._xlws.FILTER('Raw Data'!P5:Q1001,'Raw Data'!P5:P1001<>"")),1,1)} -> 1 | E2: Jammu & Kashmir | G2: {=_xlfn._xlws.SORT(_xlfn.UNIQUE(_xlfn._xlws.FILTER('Raw Data'!K5:L1001,'Raw Data'!K5:K1001<>"")),1,1)} -> 1 | H2: JAMMU & KASHMIR | J2: {=_xlfn._xlws.SORT(_xlfn.UNIQUE(_xlfn._xlws.FILTER('Raw Data'!F5:G1001,'Raw Data'!F5:F1001<>"")),1,1)} -> 1 | K2: JAMMU & KASHMIR | M2: {=_xlfn._xlws.SORT(_xlfn.UNIQUE(_xlfn._xlws.FILTER('Raw Data'!A699:B1001,'Raw Data'!A699:A1001<>"")),1,1)} -> #VALUE! | P2: {=_xlfn.LET(_xlpm.x,_xlfn.VSTACK(A2:A100,D2:D100,G2:G100,J2:J100,M2:M100),_xlfn._xlws.SORT(_xlfn.UNIQUE(_xlfn._xlws.FILTER(_xlpm.x,_xlpm.x<>""))))} -> #VALUE! | Q2: =_xlfn.XLOOKUP(P2,$A$2:$A$100,$B$2:$B$100,"") -> #VALUE! | R2: =_xlfn.XLOOKUP(P2,$D$2:$D$100,$E$2:$E$100,"") -> #VALUE! | S2: =_xlfn.XLOOKUP(P2,$G$2:$G$100,$H$2:$H$100,"") -> #VALUE! | T2: =_xlfn.XLOOKUP(P2,$J$2:$J$100,$K$2:$K$100,"") -> #VALUE! | U2: =_xlfn.XLOOKUP(P2,$M$2:$M$100,$N$2:$N$100,"") -> #VALUE! | V2: No
D3: 2 | E3: Himachal Pradesh | G3: 2 | H3: HIMACHAL PRADESH | J3: 2 | K3: HIMACHAL PRADESH | Q3: =_xlfn.XLOOKUP(P3,$A$2:$A$100,$B$2:$B$100,"") -> 0 | R3: =_xlfn.XLOOKUP(P3,$D$2:$D$100,$E$2:$E$100,"") -> 0 | S3: =_xlfn.XLOOKUP(P3,$G$2:$G$100,$H$2:$H$100,"") -> 0 | T3: =_xlfn.XLOOKUP(P3,$J$2:$J$100,$K$2:$K$100,"") -> 0 | U3: =_xlfn.XLOOKUP(P3,$M$2:$M$100,$N$2:$N$100,"") -> 0 | V3: =IF(AND( LOWER(TRIM(Q3))=LOWER(TRIM(R3)), LOWER(TRIM(R3))=LOWER(TRIM(S3)), LOWER(TRIM(S3))=LOWER(TRIM(T3)), LOWER(TRIM(T3))=LOWER(TRIM(U3)) ),"No","YES") -> No
D4: 3 | E4: Punjab | G4: 3 | H4: PUNJAB | J4: 3 | K4: PUNJAB | Q4: =_xlfn.XLOOKUP(P4,$A$2:$A$100,$B$2:$B$100,"") -> 0 | R4: =_xlfn.XLOOKUP(P4,$D$2:$D$100,$E$2:$E$100,"") -> 0 | S4: =_xlfn.XLOOKUP(P4,$G$2:$G$100,$H$2:$H$100,"") -> 0 | T4: =_xlfn.XLOOKUP(P4,$J$2:$J$100,$K$2:$K$100,"") -> 0 | U4: =_xlfn.XLOOKUP(P4,$M$2:$M$100,$N$2:$N$100,"") -> 0 | V4: =IF(AND( LOWER(TRIM(Q4))=LOWER(TRIM(R4)), LOWER(TRIM(R4))=LOWER(TRIM(S4)), LOWER(TRIM(S4))=LOWER(TRIM(T4)), LOWER(TRIM(T4))=LOWER(TRIM(U4)) ),"No","YES") -> No
D5: 4 | E5: Chandigarh | G5: 4 | H5: CHANDIGARH | J5: 4 | K5: CHANDIGARH | Q5: =_xlfn.XLOOKUP(P5,$A$2:$A$100,$B$2:$B$100,"") -> 0 | R5: =_xlfn.XLOOKUP(P5,$D$2:$D$100,$E$2:$E$100,"") -> 0 | S5: =_xlfn.XLOOKUP(P5,$G$2:$G$100,$H$2:$H$100,"") -> 0 | T5: =_xlfn.XLOOKUP(P5,$J$2:$J$100,$K$2:$K$100,"") -> 0 | U5: =_xlfn.XLOOKUP(P5,$M$2:$M$100,$N$2:$N$100,"") -> 0 | V5: =IF(AND( LOWER(TRIM(Q5))=LOWER(TRIM(R5)), LOWER(TRIM(R5))=LOWER(TRIM(S5)), LOWER(TRIM(S5))=LOWER(TRIM(T5)), LOWER(TRIM(T5))=LOWER(TRIM(U5)) ),"No","YES") -> No
D6: 5 | E6: Uttarakhand | G6: 5 | H6: UTTARAKHAND | J6: 5 | K6: UTTARAKHAND | Q6: =_xlfn.XLOOKUP(P6,$A$2:$A$100,$B$2:$B$100,"") -> 0 | R6: =_xlfn.XLOOKUP(P6,$D$2:$D$100,$E$2:$E$100,"") -> 0 | S6: =_xlfn.XLOOKUP(P6,$G$2:$G$100,$H$2:$H$100,"") -> 0 | T6: =_xlfn.XLOOKUP(P6,$J$2:$J$100,$K$2:$K$100,"") -> 0 | U6: =_xlfn.XLOOKUP(P6,$M$2:$M$100,$N$2:$N$100,"") -> 0 | V6: =IF(AND( LOWER(TRIM(Q6))=LOWER(TRIM(R6)), LOWER(TRIM(R6))=LOWER(TRIM(S6)), LOWER(TRIM(S6))=LOWER(TRIM(T6)), LOWER(TRIM(T6))=LOWER(TRIM(U6)) ),"No","YES") -> No
D7: 6 | E7: Haryana | G7: 6 | H7: HARYANA | J7: 6 | K7: HARYANA | Q7: =_xlfn.XLOOKUP(P7,$A$2:$A$100,$B$2:$B$100,"") -> 0 | R7: =_xlfn.XLOOKUP(P7,$D$2:$D$100,$E$2:$E$100,"") -> 0 | S7: =_xlfn.XLOOKUP(P7,$G$2:$G$100,$H$2:$H$100,"") -> 0 | T7: =_xlfn.XLOOKUP(P7,$J$2:$J$100,$K$2:$K$100,"") -> 0 | U7: =_xlfn.XLOOKUP(P7,$M$2:$M$100,$N$2:$N$100,"") -> 0 | V7: =IF(AND( LOWER(TRIM(Q7))=LOWER(TRIM(R7)), LOWER(TRIM(R7))=LOWER(TRIM(S7)), LOWER(TRIM(S7))=LOWER(TRIM(T7)), LOWER(TRIM(T7))=LOWER(TRIM(U7)) ),"No","YES") -> No
D8: 7 | E8: Delhi | G8: 7 | H8: DELHI | J8: 7 | K8: DELHI | Q8: =_xlfn.XLOOKUP(P8,$A$2:$A$100,$B$2:$B$100,"") -> 0 | R8: =_xlfn.XLOOKUP(P8,$D$2:$D$100,$E$2:$E$100,"") -> 0 | S8: =_xlfn.XLOOKUP(P8,$G$2:$G$100,$H$2:$H$100,"") -> 0 | T8: =_xlfn.XLOOKUP(P8,$J$2:$J$100,$K$2:$K$100,"") -> 0 | U8: =_xlfn.XLOOKUP(P8,$M$2:$M$100,$N$2:$N$100,"") -> 0 | V8: =IF(AND( LOWER(TRIM(Q8))=LOWER(TRIM(R8)), LOWER(TRIM(R8))=LOWER(TRIM(S8)), LOWER(TRIM(S8))=LOWER(TRIM(T8)), LOWER(TRIM(T8))=LOWER(TRIM(U8)) ),"No","YES") -> No
D9: 8 | E9: Rajasthan | G9: 8 | H9: RAJASTHAN | J9: 8 | K9: RAJASTHAN | Q9: =_xlfn.XLOOKUP(P9,$A$2:$A$100,$B$2:$B$100,"") -> 0 | R9: =_xlfn.XLOOKUP(P9,$D$2:$D$100,$E$2:$E$100,"") -> 0 | S9: =_xlfn.XLOOKUP(P9,$G$2:$G$100,$H$2:$H$100,"") -> 0 | T9: =_xlfn.XLOOKUP(P9,$J$2:$J$100,$K$2:$K$100,"") -> 0 | U9: =_xlfn.XLOOKUP(P9,$M$2:$M$100,$N$2:$N$100,"") -> 0 | V9: =IF(AND( LOWER(TRIM(Q9))=LOWER(TRIM(R9)), LOWER(TRIM(R9))=LOWER(TRIM(S9)), LOWER(TRIM(S9))=LOWER(TRIM(T9)), LOWER(TRIM(T9))=LOWER(TRIM(U9)) ),"No","YES") -> No
D10: 9 | E10: Uttar Pradesh | G10: 9 | H10: UTTAR PRADESH | J10: 9 | K10: UTTAR PRADESH | Q10: =_xlfn.XLOOKUP(P10,$A$2:$A$100,$B$2:$B$100,"") -> 0 | R10: =_xlfn.XLOOKUP(P10,$D$2:$D$100,$E$2:$E$100,"") -> 0 | S10: =_xlfn.XLOOKUP(P10,$G$2:$G$100,$H$2:$H$100,"") -> 0 | T10: =_xlfn.XLOOKUP(P10,$J$2:$J$100,$K$2:$K$100,"") -> 0 | U10: =_xlfn.XLOOKUP(P10,$M$2:$M$100,$N$2:$N$100,"") -> 0 | V10: =IF(AND( LOWER(TRIM(Q10))=LOWER(TRIM(R10)), LOWER(TRIM(R10))=LOWER(TRIM(S10)), LOWER(TRIM(S10))=LOWER(TRIM(T10)), LOWER(TRIM(T10))=LOWER(TRIM(U10)) ),"No","YES") -> No
D11: 10 | E11: Bihar | G11: 10 | H11: BIHAR | J11: 10 | K11: BIHAR | Q11: =_xlfn.XLOOKUP(P11,$A$2:$A$100,$B$2:$B$100,"") -> 0 | R11: =_xlfn.XLOOKUP(P11,$D$2:$D$100,$E$2:$E$100,"") -> 0 | S11: =_xlfn.XLOOKUP(P11,$G$2:$G$100,$H$2:$H$100,"") -> 0 | T11: =_xlfn.XLOOKUP(P11,$J$2:$J$100,$K$2:$K$100,"") -> 0 | U11: =_xlfn.XLOOKUP(P11,$M$2:$M$100,$N$2:$N$100,"") -> 0 | V11: =IF(AND( LOWER(TRIM(Q11))=LOWER(TRIM(R11)), LOWER(TRIM(R11))=LOWER(TRIM(S11)), LOWER(TRIM(S11))=LOWER(TRIM(T11)), LOWER(TRIM(T11))=LOWER(TRIM(U11)) ),"No","YES") -> No
D12: 11 | E12: Sikkim | G12: 11 | H12: SIKKIM | J12: 11 | K12: SIKKIM | Q12: =_xlfn.XLOOKUP(P12,$A$2:$A$100,$B$2:$B$100,"") -> 0 | R12: =_xlfn.XLOOKUP(P12,$D$2:$D$100,$E$2:$E$100,"") -> 0 | S12: =_xlfn.XLOOKUP(P12,$G$2:$G$100,$H$2:$H$100,"") -> 0 | T12: =_xlfn.XLOOKUP(P12,$J$2:$J$100,$K$2:$K$100,"") -> 0 | U12: =_xlfn.XLOOKUP(P12,$M$2:$M$100,$N$2:$N$100,"") -> 0 | V12: =IF(AND( LOWER(TRIM(Q12))=LOWER(TRIM(R12)), LOWER(TRIM(R12))=LOWER(TRIM(S12)), LOWER(TRIM(S12))=LOWER(TRIM(T12)), LOWER(TRIM(T12))=LOWER(TRIM(U12)) ),"No","YES") -> No
D13: 12 | E13: Arunachal Pradesh | G13: 12 | H13: ARUNACHAL PRADESH | J13: 12 | K13: ARUNACHAL PRADESH | Q13: =_xlfn.XLOOKUP(P13,$A$2:$A$100,$B$2:$B$100,"") -> 0 | R13: =_xlfn.XLOOKUP(P13,$D$2:$D$100,$E$2:$E$100,"") -> 0 | S13: =_xlfn.XLOOKUP(P13,$G$2:$G$100,$H$2:$H$100,"") -> 0 | T13: =_xlfn.XLOOKUP(P13,$J$2:$J$100,$K$2:$K$100,"") -> 0 | U13: =_xlfn.XLOOKUP(P13,$M$2:$M$100,$N$2:$N$100,"") -> 0 | V13: =IF(AND( LOWER(TRIM(Q13))=LOWER(TRIM(R13)), LOWER(TRIM(R13))=LOWER(TRIM(S13)), LOWER(TRIM(S13))=LOWER(TRIM(T13)), LOWER(TRIM(T13))=LOWER(TRIM(U13)) ),"No","YES") -> No
D14: 13 | E14: Nagaland | G14: 13 | H14: NAGALAND | J14: 13 | K14: NAGALAND | Q14: =_xlfn.XLOOKUP(P14,$A$2:$A$100,$B$2:$B$100,"") -> 0 | R14: =_xlfn.XLOOKUP(P14,$D$2:$D$100,$E$2:$E$100,"") -> 0 | S14: =_xlfn.XLOOKUP(P14,$G$2:$G$100,$H$2:$H$100,"") -> 0 | T14: =_xlfn.XLOOKUP(P14,$J$2:$J$100,$K$2:$K$100,"") -> 0 | U14: =_xlfn.XLOOKUP(P14,$M$2:$M$100,$N$2:$N$100,"") -> 0 | V14: =IF(AND( LOWER(TRIM(Q14))=LOWER(TRIM(R14)), LOWER(TRIM(R14))=LOWER(TRIM(S14)), LOWER(TRIM(S14))=LOWER(TRIM(T14)), LOWER(TRIM(T14))=LOWER(TRIM(U14)) ),"No","YES") -> No
... D35: 34 | E35: Puducherry | G35: 34 | H35: PUDUCHERRY | J35: 35 | K35: A & N ISLANDS | Q35: =_xlfn.XLOOKUP(P35,$A$2:$A$100,$B$2:$B$100,"") -> 0 | R35: =_xlfn.XLOOKUP(P35,$D$2:$D$100,$E$2:$E$100,"") -> 0 | S35: =_xlfn.XLOOKUP(P35,$G$2:$G$100,$H$2:$H$100,"") -> 0 | T35: =_xlfn.XLOOKUP(P35,$J$2:$J$100,$K$2:$K$100,"") -> 0 | U35: =_xlfn.XLOOKUP(P35,$M$2:$M$100,$N$2:$N$100,"") -> 0 | V35: =IF(AND( LOWER(TRIM(Q35))=LOWER(TRIM(R35)), LOWER(TRIM(R35))=LOWER(TRIM(S35)), LOWER(TRIM(S35))=LOWER(TRIM(T35)), LOWER(TRIM(T35))=LOWER(TRIM(U35)) ),"No","YES") -> No
D36: 35 | E36: A & N Islands | G36: 35 | H36: A & N ISLANDS | J36: 36 | K36: TELANGANA | Q36: =_xlfn.XLOOKUP(P36,$A$2:$A$100,$B$2:$B$100,"") -> 0 | R36: =_xlfn.XLOOKUP(P36,$D$2:$D$100,$E$2:$E$100,"") -> 0 | S36: =_xlfn.XLOOKUP(P36,$G$2:$G$100,$H$2:$H$100,"") -> 0 | T36: =_xlfn.XLOOKUP(P36,$J$2:$J$100,$K$2:$K$100,"") -> 0 | U36: =_xlfn.XLOOKUP(P36,$M$2:$M$100,$N$2:$N$100,"") -> 0 | V36: No
D37: 36 | E37: Telangana | G37: 36 | H37: TELANGANA | J37: 37 | K37: LADAKH | Q37: =_xlfn.XLOOKUP(P37,$A$2:$A$100,$B$2:$B$100,"") -> 0 | R37: =_xlfn.XLOOKUP(P37,$D$2:$D$100,$E$2:$E$100,"") -> 0 | S37: =_xlfn.XLOOKUP(P37,$G$2:$G$100,$H$2:$H$100,"") -> 0 | T37: =_xlfn.XLOOKUP(P37,$J$2:$J$100,$K$2:$K$100,"") -> 0 | U37: =_xlfn.XLOOKUP(P37,$M$2:$M$100,$N$2:$N$100,"") -> 0 | V37: =IF(AND( LOWER(TRIM(Q37))=LOWER(TRIM(R37)), LOWER(TRIM(R37))=LOWER(TRIM(S37)), LOWER(TRIM(S37))=LOWER(TRIM(T37)), LOWER(TRIM(T37))=LOWER(TRIM(U37)) ),"No","YES") -> No
Q38: =_xlfn.XLOOKUP(P38,$A$2:$A$100,$B$2:$B$100,"") -> 0 | R38: =_xlfn.XLOOKUP(P38,$D$2:$D$100,$E$2:$E$100,"") -> 0 | S38: =_xlfn.XLOOKUP(P38,$G$2:$G$100,$H$2:$H$100,"") -> 0 | T38: =_xlfn.XLOOKUP(P38,$J$2:$J$100,$K$2:$K$100,"") -> 0 | U38: =_xlfn.XLOOKUP(P38,$M$2:$M$100,$N$2:$N$100,"") -> 0 | V38: No
